Contrato;Fornecedor;Terceirizado;Função;Lotação;Jornada
00057/2023;CATEDRAL DE SERVICOS EIRELI;ELENA DE JESUS IMPERIANO;RECEPCIONISTA, EM GERAL;SEDE;44
00001/2022;CENTRAL NORTE SERVICOS DE APOIO ADMINISTRATIVO LTDA;OZEIAS GOMES DOS SANTOS;MANUTENÇÃO PREDIAL ;SEDE;44
00001/2022;CENTRAL NORTE SERVICOS DE APOIO ADMINISTRATIVO LTDA;RAILDO DOS SANTOS SILVA;MANUTENÇÃO PREDIAL ;SEDE;44
00043/2023;EMBRASG - EMPRESA BRASILEIRA DE SERVICOS GERAIS LTDA;LUCIAN DOUGLAS DIAS DE OLIVEIRA;ELETRICISTA;SEDE E ZONAS ELEITORAIS;44
00035/2023;EXTREMO NORTE SERVICOS DE LIMPEZA LTDA;ADRIANO FRANCISCO DA COSTA SILVA;MOTORISTA;SEDE E ZONAS ELEITORAIS;44
00035/2023;EXTREMO NORTE SERVICOS DE LIMPEZA LTDA;AUMIR FERNANDES DA SILVA;MOTORISTA;SEDE E ZONAS ELEITORAIS;44
00035/2023;EXTREMO NORTE SERVICOS DE LIMPEZA LTDA;DAIVES ROBERT BARBOSA PEREIRA;MOTORISTA;SEDE E ZONAS ELEITORAIS;44
00035/2023;EXTREMO NORTE SERVICOS DE LIMPEZA LTDA;EDSON MONTEIRO FERREIRA;MOTORISTA;SEDE E ZONAS ELEITORAIS;44
00035/2023;EXTREMO NORTE SERVICOS DE LIMPEZA LTDA;EMANUEL YKARO DA SILVA LO;MOTORISTA;SEDE E ZONAS ELEITORAIS;44
00010/2023;EXTREMO NORTE SERVICOS DE LIMPEZA LTDA;FRANCISCO ANTONIO DA SILVA;MANUTENÇÃO PREDIAL;SEDE E ZONAS ELEITORAIS;44
00010/2023;EXTREMO NORTE SERVICOS DE LIMPEZA LTDA;HERNANDES RODRIGUES BRAZ;MANUTENÇÃO PREDIAL;SEDE E ZONAS ELEITORAIS;44
00072/2022;EXTREMO NORTE SERVICOS DE LIMPEZA LTDA;JOAO CARLOS CONCEICAO DE SOUSA;JARDINEIRO SERVIÇOS ESPECIALIZADOS DE JARDINAGEM;SEDE;44
00035/2023;EXTREMO NORTE SERVICOS DE LIMPEZA LTDA;LEONARDO FERNANDES DOS SANTOS;MOTORISTA;SEDE E ZONAS ELEITORAIS;44
00035/2023;EXTREMO NORTE SERVICOS DE LIMPEZA LTDA;RAILSON LIMA VERAS;MOTORISTA;SEDE E ZONAS ELEITORAIS;44
00035/2023;EXTREMO NORTE SERVICOS DE LIMPEZA LTDA;ROBSON GOMES DA SILVA;MOTORISTA;SEDE E ZONAS ELEITORAIS;44
00035/2023;EXTREMO NORTE SERVICOS DE LIMPEZA LTDA;RONILTON CONCEIÇÃO DE MELO;MOTORISTA;SEDE E ZONAS ELEITORAIS;44
00035/2023;EXTREMO NORTE SERVICOS DE LIMPEZA LTDA;TIAGO FERREIRA DOS SANTOS;MOTORISTA;SEDE E ZONAS ELEITORAIS;44
00001/2023;HIGILIMP SERVICOS LTDA;ADEVALDO DOS SANTOS RODRIGUES;AUXILIAR DE LIMPEZA;6ª ZE;44
00001/2023;HIGILIMP SERVICOS LTDA;ALBERTINA MARIA MESQUITA SOUSA;AUXILIAR DE LIMPEZA;5ª ZE;44
00001/2023;HIGILIMP SERVICOS LTDA;ALBERTO FERREIRA DE SOUZA;AUXILIAR DE LIMPEZA;2ª ZE;44
00001/2023;HIGILIMP SERVICOS LTDA;ANDREIA DA COSTA BARAÚNA;AUXILIAR DE LIMPEZA;7ª ZE;44
00001/2023;HIGILIMP SERVICOS LTDA;CARLINA JOSEFINA MENDOZA;AUXILIAR DE LIMPEZA;SEDE;44
00001/2023;HIGILIMP SERVICOS LTDA;CREUZA LINHARES DE MESQUITA;AUXILIAR DE LIMPEZA;SEDE;44
00001/2023;HIGILIMP SERVICOS LTDA;MAIARA COSTA RODRIGUES;AUXILIAR DE LIMPEZA;4ª ZE;44
00001/2023;HIGILIMP SERVICOS LTDA;MAIRA DA SILVA FERREIRA;AUXILIAR DE LIMPEZA;3ª ZE;44
00001/2023;HIGILIMP SERVICOS LTDA;MIRELE DA SILVA FEITOSA;AUXILIAR DE LIMPEZA;1ª ZE;44
00001/2023;HIGILIMP SERVICOS LTDA;NILDA DA CONCEIÇÃO DE JESUS;AUXILIAR DE LIMPEZA;1ª ZE;44
00001/2023;HIGILIMP SERVICOS LTDA;POLIANA GRACINO DA CRUZ;AUXILIAR DE LIMPEZA;SEDE;44
00001/2023;HIGILIMP SERVICOS LTDA;ROGÉRIO CASTRO DA SILVA;AUXILIAR DE LIMPEZA;SEDE;44
00001/2023;HIGILIMP SERVICOS LTDA;ROSANA DA SILVA SANTOS;AUXILIAR DE LIMPEZA;SEDE;44
00001/2023;HIGILIMP SERVICOS LTDA;SÔNIA MARIA SILVA SOBRAL;AUXILIAR DE LIMPEZA;8ª ZE;44
00001/2023;HIGILIMP SERVICOS LTDA;VANDERLEIA BENA MACIEL;AUXILIAR DE LIMPEZA;SEDE;44
00001/2023;HIGILIMP SERVICOS LTDA;VICTOR DEL VALLE VARGAS;AUXILIAR DE LIMPEZA;5ª ZE;44
00001/2023;HIGILIMP SERVICOS LTDA;VINICIUS SANTOS PAIVA;AUXILIAR DE LIMPEZA;SEDE;44
00056/2023;MENDES E SOARES LTDA;YGOR BEN HUR AZEVEDO;GARÇOM;SEDE;44
00017/2021;SARAM SERVICOS ESPECIALIZADOS LTDA;ANA CARLA BENTO DA SILVA;COPEIRO SUBSTITUTA;1ª ZE;44
00017/2021;SARAM SERVICOS ESPECIALIZADOS LTDA;ANA RAQUEL SILVA DE ARAÚJO;COPEIRO;SEDE;44
00017/2021;SARAM SERVICOS ESPECIALIZADOS LTDA;MARIA LúCIA VIEIRA CAVALCANTE;COPEIRO ;5ª ZE;44
00017/2021;SARAM SERVICOS ESPECIALIZADOS LTDA;RAILANI MORAIS MELO;COPEIRO;SEDE;44
00031/2023;SERVI SAN VIGILANCIA E TRANSPORTE DE VALORES LTDA - EM RECUPERACAO JUDICIAL;ALAISA DO ROSARIO BORGES;VIGILANTE;5.ª ZE;44
00031/2023;SERVI SAN VIGILANCIA E TRANSPORTE DE VALORES LTDA - EM RECUPERACAO JUDICIAL;ANDREZA CATARINA DE MOURA;VIGILANTE DIURNO;SEDE;48
00031/2023;SERVI SAN VIGILANCIA E TRANSPORTE DE VALORES LTDA - EM RECUPERACAO JUDICIAL;ANTÔNIO FABIANO ROSENDO PEREIRA;VIGILANTE DIURNO;7.ª ZE;48
00031/2023;SERVI SAN VIGILANCIA E TRANSPORTE DE VALORES LTDA - EM RECUPERACAO JUDICIAL;DIEGO DOS SANTOS LIMA;VIGILANTE NOTURNO;1.ª ZE;48
00031/2023;SERVI SAN VIGILANCIA E TRANSPORTE DE VALORES LTDA - EM RECUPERACAO JUDICIAL;EVALDO CAVALCANTE ROCHA;VIGILANTE DIURNO;7.ª ZE;48
00031/2023;SERVI SAN VIGILANCIA E TRANSPORTE DE VALORES LTDA - EM RECUPERACAO JUDICIAL;LIDIA FARIAS DE MESQUITA;VIGILANTE DIURNO;1.ª ZE;48
00031/2023;SERVI SAN VIGILANCIA E TRANSPORTE DE VALORES LTDA - EM RECUPERACAO JUDICIAL;MARLUCE ANDRADE;VIGILANTE;SEDE;44
00031/2023;SERVI SAN VIGILANCIA E TRANSPORTE DE VALORES LTDA - EM RECUPERACAO JUDICIAL;NEIDSON MAIA DA SILVA;VIGILANTE DIURNO;SEDE;48
00031/2023;SERVI SAN VIGILANCIA E TRANSPORTE DE VALORES LTDA - EM RECUPERACAO JUDICIAL;POLHIANA FIGUEIREDO DA PAIXÃO;VIGILANTE DIURNO;1.ª ZE;48
00031/2023;SERVI SAN VIGILANCIA E TRANSPORTE DE VALORES LTDA - EM RECUPERACAO JUDICIAL;RAIMUNDO NONATO CARDOSO DE OLIVEIRA;VIGILANTE NOTURNO;SEDE;48
00031/2023;SERVI SAN VIGILANCIA E TRANSPORTE DE VALORES LTDA - EM RECUPERACAO JUDICIAL;SEBASTIÃO ALVES MESQUITA NETO;VIGILANTE NOTURNO;SEDE;48
00031/2023;SERVI SAN VIGILANCIA E TRANSPORTE DE VALORES LTDA - EM RECUPERACAO JUDICIAL;UILMAC BARBOSA FIGUEIREDO;VIGILANTE NOTURNO;1.ª ZE;48
